mz,KOGCHUM1,KOGCHUM2,KOGCHUM3,WTGCHUM1,WTGCHUM2,WTGCHUM3,KORCHUM1,KORCHUM2,KORCHUM3,WTRCHUM1,WTRCHUM2,WTRCHUM3
146.0985388,29932.35824,94067.61118,146411.3271,229912.5686,160204.0231,126666.696,122203.111,41944.65751,65431.49963,40368.73104,17201.84222,5748.095255
148.7053275,17055.70013,74631.69105,147788.7081,384932.5572,484564.4573,395080.3236,450314.1474,191663.4766,509026.9143,439124.661,443909.1647,532866.9452
310.1505057,1132.819841,28240.85098,64950.48841,220730.3913,240386.1306,153767.2879,138003.2507,27382.40789,155168.88,104195.5516,82602.41353,136898.3673
132.4512963,785.512898,5232.049855,10283.00374,26115.20071,61879.48173,67387.815,177246.7258,118954.8431,171619.7767,194240.0828,200423.491,216142.0675
124.6838185,2822.714214,9625.854351,19705.04951,27979.91358,40690.41267,62817.66347,73672.07095,92147.52768,130095.5579,48787.51563,133774.1917,159725.7607
108.7872259,8671.571244,14004.68368,13944.50852,23914.43342,11521.58656,38439.23892,176608.8396,135663.834,192884.634,63621.36357,533502.3161,312329.5352
158.0222598,19508.05917,68782.73037,78718.33415,124728.3598,111296.0221,105387.4065,278782.0178,117480.2209,132481.7724,121235.6898,133817.7664,153969.3595
143.5597134,13989.1303,56183.21769,100739.8623,240795.1186,263201.6389,195251.3495,214210.9402,71592.65613,155458.4569,123163.1851,91049.35399,97309.90088
159.9764096,76342.20245,199468.3971,169554.7631,210499.0657,203196.2162,196691.5814,476188.9392,248318.4604,311362.6465,299889.752,298644.6739,317438.2499
130.9821931,131720.6199,336122.4916,281651.9257,336597.7389,342961.4727,333720.3244,752271.9095,423473.1893,517791.0494,497881.5971,469950.127,462370.3718
158.0069377,20640.17858,72311.50027,88313.58818,134510.8408,111299.8112,121436.834,275945.837,135978.3213,137763.3951,125823.0119,141828.9745,165214.1091
147.8286903,33067.8631,95173.67645,142088.2829,244628.6571,168013.3952,126273.315,132599.8818,39838.56363,67835.2181,38017.94352,13970.21297,3626.949019
122.0232916,353089.1816,546614.4966,521050.5511,482344.8633,438880.796,644384.7862,708306.9255,889941.7176,1212975.765,467688.4092,1383862.688,1642080.112
144.3986834,13483.83918,53105.62023,95348.20891,150665.5664,106258.6727,80669.29846,76192.66998,20671.34033,41065.50048,29124.16848,20938.24766,23437.28587
187.9983485,36034.38072,109558.8445,84751.38217,137351.8122,173360.7879,120360.0623,145747.2782,41519.85685,57406.97846,43578.60387,46555.54097,96071.57674
184.3025814,56928.34037,220317.39,322212.6684,353905.5241,218850.577,263832.0745,347864.4465,192311.9875,518899.5023,431106.6253,390830.7553,441926.175
189.2601082,26870.63707,80228.46353,59139.89863,114564.2707,161291.1524,125375.953,141805.4811,64347.8137,200349.1559,177303.673,180533.4169,231948.8059
177.2238901,131978.2148,532825.1404,1072285.933,2708804.305,3445031.803,2876737.168,3208558.032,1510076.96,3739844.665,3145163.327,3153479.414,3712851.357
164.2375582,45105.1907,163736.4134,218556.9645,85641.81924,181689.2573,178538.2028,198260.6728,65468.87802,94937.50494,70255.29463,116203.6022,224625.0701
179.5374105,98878.80606,403996.2952,713560.03,1689407.86,1815540.007,1372915.34,1430515.54,577543.8308,1145708.119,876322.3685,709342.2758,725542.3096
181.8966379,72823.65223,320819.3079,532746.2947,859897.528,600488.5732,359172.3289,309612.324,132219.4089,458279.2877,449860.4315,554873.1107,768282.7769
119.4426757,2660.284833,12395.45523,20641.74429,32642.70818,43159.20822,65936.48504,81428.80243,105129.81,138475.7115,54492.15403,138450.7599,215792.5847
120.7242655,3953.642675,15159.70333,29119.29368,55155.40342,81251.24639,143214.0968,174629.3879,265252.9607,443665.903,188434.5916,622592.9426,794609.3636
123.3426491,3764.925426,15017.10851,29497.07598,52999.23774,80503.43093,136494.2531,166483.3624,251296.4481,429691.0515,181251.1229,615397.2329,773864.4804
178.3750467,103663.8995,397719.2942,714584.9285,1240583.214,858347.1445,622499.0828,576877.996,217985.4512,378384.6236,297061.7932,245268.1157,312779.8372
160.9420333,207318.9679,345771.862,345123.3262,420794.6924,371118.48,413734.0396,994634.6686,625785.6891,958732.5934,1015797.15,1091318.715,1254386.502
162.9426071,8635.788139,42419.32367,59875.29136,129606.4092,180098.1088,167624.2013,435916.211,233551.7796,286937.2471,275493.212,244559.9154,252197.8317
158.9771806,641753.5804,1691668.988,1469191.609,1812871.692,1749061.708,1724591.339,4006660.048,2161496.652,2653197.759,2548720.393,2495959.172,2863803.307
176.0837846,235326.5667,695518.802,1072754.022,1681575.716,1156306.771,926947.5937,879950.9749,325208.0463,474845.0228,307920.5675,207181.197,178774.4979
173.8364724,206263.4665,678412.0613,1057850.52,1657177.452,1159222.444,947348.6831,880120.2472,327262.5483,479374.9332,297039.8694,188859.984,168615.8646
157.0483216,28547.43921,60357.12366,93306.02383,216636.2859,336401.9846,383004.8908,992542.1992,643320.7491,963365.5977,1023890.95,1123725.845,1272294.127
155.1541569,16330.88723,48245.16261,64473.18564,128990.0703,175910.761,184491.1499,448995.8229,255592.8944,295983.2118,282641.6647,247772.031,242976.7225
112.1662264,1196.260652,7345.591076,9922.280358,37411.7961,14916.25004,73793.11944,359943.0951,322400.8592,591047.0766,211276.2253,2253472.143,1417521.521
109.8908222,14756.43874,19576.04667,21593.99635,42855.77828,48560.00137,84685.99716,380182.6371,336497.0733,607595.5021,220072.2093,2314546.561,1491166.313
162.2135122,30892.31897,93857.73324,106947.681,116857.3234,155113.1779,108125.6634,116100.1606,56443.60326,190507.7782,183975.7984,191423.91,243376.7364
299.807738,903.6945681,23760.18214,58666.05294,212640.0501,231348.4878,152203.0764,139653.6345,30768.82429,153334.4361,97579.97691,83493.74558,133126.2077
183.0926459,66984.83157,249754.8116,379911.6585,439460.8962,147531.291,97328.32491,72038.42257,8043.897809,107997.402,96813.77646,124679.6633,187602.1452
167.3468036,71398.32846,278339.2895,422148.2953,495419.3617,225792.7061,150477.1833,140339.911,55679.57586,159802.8058,135593.2492,148594.003,215054.9554
149.5896134,12939.89831,50684.32238,95341.4496,190343.4272,130042.7186,85493.68736,86758.91209,31710.45763,55880.78011,36074.43714,22313.80173,27958.4207
174.9547972,6728795.007,15876312.19,17647270.06,21743091.66,17334682.2,13068385.91,12836210.7,5243952.441,10205446.46,7977198.425,7109053.802,7908934.345
166.300415,60475.60691,243439.4452,357965.0275,314994.1689,148815.3177,194583.1481,310033.8546,199763.9526,532845.5019,478508.767,414224.1481,454867.676
172.728936,117735.1139,538593.6902,1087662.313,2756650.665,3506933.006,2954445.538,3278126.789,1602150.038,3828462.565,3289378.718,3216521.56,3833795.664
171.6318666,102664.9194,398363.8182,716982.4067,1177730.869,833021.613,639043.3994,574816.811,230616.8183,365175.934,270047.5373,229680.6769,266391.8972
170.5453228,104531.3633,436149.0563,814438.3397,1741583.651,1896222.405,1458986.033,1479605.76,653332.3144,1186091.745,936210.7134,737363.705,739974.8481
168.4027942,83007.59788,348714.2084,575123.4372,876637.8315,587699.5797,308574.6634,207746.5497,60785.95586,414677.4604,453209.5783,569802.3366,786837.105
180.7111549,89631.00974,343871.2061,583811.0271,935856.2496,580852.0376,393624.2771,355277.7523,131824.9302,212086.4974,145568.4104,81463.60351,61063.76763
169.4689218,90087.52489,366043.9774,618400.5523,921848.6471,605987.3382,437703.6054,380486.0573,151628.5785,216591.3608,142907.2545,80988.58588,81626.3592
188.0111427,31182.56997,99347.64852,84340.31322,140015.0083,177639.1537,111336.2481,201616.4484,70224.53864,73596.05176,75581.14357,92191.45244,136754.3548
185.523532,43699.53384,166922.6395,202866.2915,93848.55364,171768.921,120935.3771,153154.9312,63134.62935,160466.6035,138750.1845,142608.3518,142451.3085
111.0170085,258295.848,386494.1171,343046.7764,380740.1921,262776.4896,389491.9248,1513170.745,1107032.177,1653697.856,571553.7814,5082745.883,3041136.255
141.4003291,2033.401578,8323.441011,19792.76483,29732.24685,24031.47936,32725.97558,56657.3641,40830.13626,35200.00276,114300.4891,180196.2674,111183.0147
143.0444718,74135.39952,121523.9394,154120.7649,154339.2161,109718.5208,157821.5628,259004.8666,151859.3514,99558.60337,294892.9557,416071.8581,245098.1647
130.0844845,63359.6626,249337.9769,1609371.175,1241610.517,368191.2561,342572.2632,1086220.453,225125.6657,1579764.175,169237.5065,230914.563,480949.1918
165.2644164,51595.74168,186860.6707,238873.3973,182621.3313,226922.0529,166572.2338,186630.5888,92200.00208,196577.855,152789.4673,118706.3909,132241.3728
151.7157046,15037.36875,68591.2965,130148.3124,216781.0998,149535.8141,93493.28422,78274.25421,20746.06129,43606.84847,24060.40704,8553.533325,10408.97238
297.0740685,124208.2161,260448.1068,327857.5384,208670.3267,101250.4364,266545.801,4218.742637,665.3547694,3434.592012,5887.3855,867.0289594,4701.228332
324.0933106,79301.19823,177788.8976,178261.2452,131829.4206,59995.62732,182030.2539,0,0,0,0,0,0
153.5469028,12958.05663,69735.71872,138760.9258,238374.7078,167806.7679,96949.29389,82636.72292,24013.24459,52161.10508,31975.80723,9882.205497,12201.43933
203.9726459,6921.128689,43877.17591,91344.5318,178705.2305,118564.8035,65713.38676,55867.62969,12043.68597,7486.355796,13270.83279,22778.53556,11874.4372
214.0256893,58953.62989,35844.51372,126701.8845,84138.68909,62804.39804,113100.7587,160943.1437,40055.91427,43522.97141,71667.74755,82339.85018,73388.55203
239.4229736,6612.034528,26990.08813,98971.10921,147128.1838,128942.8644,329984.3544,796538.7606,243813.3072,581312.8835,383123.7021,1703226.451,1024884.363
246.7839092,7637.732181,28273.62287,100604.1704,155447.2328,133740.2573,332418.483,798861.4239,231843.1651,579215.9561,366655.0656,1658748.756,1014907.128
243.0617031,498978.7799,876265.4744,1499924.247,1332900.608,755335.6563,1473635.871,3142235.664,816136.9304,1587945.623,936487.6824,3721311.233,2144133.741
135.029824,32143.90631,77316.4693,27423.26823,28631.41251,17779.72461,83061.08904,575561.2756,351961.8688,792790.1826,266197.7329,532801.244,910479.1443
133.5182254,0,0,1011.669403,929.0092858,755.8793239,11145.77406,139002.241,99720.95894,294341.1571,106878.5859,240491.966,432060.7155
136.5662797,118.9363574,2594.719531,3098.119102,8784.002979,4729.488242,12238.65097,135114.4108,96909.75909,281550.1494,101302.1013,234213.3009,430275.1041
128.6567791,368.4171276,1511.544484,88072.04697,149084.5174,70213.88918,65072.92298,269593.0487,61755.01517,573130.3175,64232.98503,106804.5632,228511.3902
219.0866854,23552.57508,83846.54085,82954.47755,67205.80855,68969.15669,46916.96199,4478.778683,2300.521613,7255.151323,3458.045799,3908.749029,22685.68569
235.8655684,5370.731801,7998.77297,62424.50609,80909.30434,20283.38554,148630.1738,344719.2039,77162.13529,160808.2134,102898.8003,376438.9017,193331.2506
279.0385283,8143.628095,13126.57937,88027.35868,21589.87534,4389.168425,40681.77314,464966.5501,220121.3927,224245.2665,227106.2522,672267.1764,402676.981
151.0248163,73362.51746,163503.3588,107831.0311,76347.82509,47538.09826,187058.909,1018082.91,2005880.499,1225700.668,372951.914,1897993.515,1567737.085
281.0355276,730.8172748,1299.460633,21095.01437,2233.554313,0,5442.361705,130140.0658,55583.36697,58769.83099,62199.71397,187923.7574,110418.9083
152.8438621,1187.11707,7117.257798,12869.97594,31425.40906,30012.64763,50265.05542,253542.3986,576333.8344,459482.0176,159743.372,847137.3965,754413.7771
149.2384527,305.4390417,3327.288544,7962.360588,14515.57696,13383.16062,35938.80181,257794.0926,604724.5599,429480.9092,153935.1682,865570.892,765310.5023
283.6207634,0,0,901.1764142,4575.582973,697.2506444,30002.73483,109724.2891,53182.88467,77156.97692,85192.44015,294514.5325,185409.5531
216.0329429,10104.48331,35189.35388,62603.14837,59475.08048,22322.64785,10239.27055,0,0,0,452.2724217,351.2243735,539.6808838
183.4385576,303.0470057,1342.755413,2245.012161,11940.85636,2941.160619,608.1990696,11178.1348,0,345696.7931,471694.1027,1881.852227,430602.3417
137.0594835,1109.123444,4008.297417,7287.340289,5858.595645,4360.698734,5691.795876,86928.6053,1612.278652,468360.8668,421300.99,141626.8705,494927.5244
138.6310848,88.43314672,773.7257153,2022.321065,4217.777207,2663.966338,2822.470594,17204.52537,7335.493029,163927.3446,157408.8215,55868.39154,222496.4079
181.0494208,23362.48101,21332.79302,34386.15265,27045.9054,25266.60785,22921.37761,100100.3447,24531.71263,956566.5356,1214566.212,21423.40893,934262.3148
241.1076231,25151.56929,75509.76893,131476.5829,92332.71143,57420.26384,119235.8762,948053.8878,100550.5233,195644.9103,1390471.142,256611.252,573680.2755
179.0702166,190703.0325,546936.1264,1161057.368,1019952.938,730757.8818,1113707.966,13110.4807,0,16503.28534,10570.31196,19637.85826,26048.13659
323.1013361,260.0835083,4758.893062,6819.881957,1931.779946,994.1046976,3212.095357,223399.1188,105002.5471,77422.79819,285867.2414,213220.6838,116794.6045
350.1204704,0,170.6012799,0,0,294.867126,0,116954.2968,57410.1487,41950.96081,161059.2552,113266.6024,62205.05126
181.4111525,7669.108558,21611.34399,71288.74115,129325.1825,157530.2113,256112.7381,69571.50412,33119.7501,67790.05261,48262.70234,32399.65308,36567.13965
107.0469382,4477.263473,8140.757799,11984.77968,8627.458444,6248.533525,8423.356827,183720.6107,13767.51007,73136.77145,137125.9882,73355.50742,21144.80338
227.0667726,11481.59182,47363.58375,80263.5963,78078.01323,31784.93674,241801.7681,393075.9079,76139.06116,142655.9921,32658.11991,182840.0868,108737.1727
248.2560158,0,0,0,0,0,0,226062.0196,60457.38579,103258.6565,123543.1825,211439.1882,260317.9054
256.0311747,0,0,0,0,0,0,215147.3149,54730.87027,99154.3624,115766.8069,201348.7728,247377.545
252.0986611,0,0,1561.993198,0,5361.043357,0,893965.69,209220.9824,280603.351,315665.5395,472773.5785,538575.8587
245.0485841,10125.06883,40299.80466,54038.3755,78350.77773,35544.30227,65867.05668,0,200.8768096,0,3516.171169,5801.102399,0
258.7937744,217.3821102,247.4986467,8850.223204,13769.35346,13482.72918,18478.75727,64625.79896,56125.13323,49517.72704,19895.5148,91143.36324,75148.16231
271.3627243,0,660.1064454,14116.5463,30526.71464,30715.21076,45781.24575,144746.5784,152040.9079,211419.5347,75788.2205,492839.0985,503294.27
217.1074825,65998.07402,33396.07486,79170.96741,156678.4561,246389.9405,160527.6363,991916.3821,57858.90982,373469.6369,1176464.706,354465.4171,1849908.911
267.0733968,101380.8756,129723.2433,317379.7038,300510.119,177987.8992,223277.4996,760787.6157,560335.9493,620463.4546,300074.0692,1147657.326,1103521.721
131.0700129,92087.90769,228282.2837,840460.7989,348746.899,188633.7609,558484.2603,467179.6484,123645.65,278518.6972,20935.21915,155513.5706,101727.2477
129.6250515,99.84141586,3630.878073,45614.64772,38773.21407,36032.67127,128740.2627,108535.619,34250.70336,95120.82909,10520.13635,56451.02329,37983.15405
297.4532071,0,0,0,0,0,0,73630.70434,8924.10063,603.774952,0,91390.50298,82916.87163
315.687479,0,0,0,306.9115162,299.3492605,288.7669742,291349.2784,52831.09119,48715.52015,0,377834.6624,301374.3662
294.9779782,309.03806,0,176.5093361,0,0,0,283522.5297,52594.01929,36509.68532,0,350769.3136,281255.8391
312.9825026,0,3760.700421,3367.215505,2324.593016,912.7810182,1899.101447,163023.8466,21542.51513,14069.33846,0,159753.2039,118224.0722
247.1177311,19529.00675,18277.02455,19050.26179,18081.34814,16262.27461,23366.90393,521229.1439,36104.63177,107993.6415,192400.5447,104325.9164,319165.2427
305.0693557,0,1169.94383,2247.221958,1147.322445,6586.831889,3259.48879,2800042.37,511985.2842,547291.5871,0,3883015.185,3356830.033
306.0727467,827.3859827,6340.568333,10361.9761,13117.40582,3725.333432,15946.8225,292766.7362,50319.82636,39546.81036,0,432007.2989,369727.0574
299.9599031,0,153.8425542,0,0,0,0,653575.3678,151328.57,180708.0662,0,1681627.274,1581624.108
310.3103837,0,173.0190043,1314.134898,26025.18684,35104.3768,21222.99788,667491.9271,151244.5521,201836.454,2737.827476,1728407.874,1617346.873
405.0636984,113.8771037,115.1223641,680.3524113,0,0,0,81203.89457,0,20646.36782,113604.4337,84251.2953,109460.3535
413.0982922,0,0,0,0,0,0,434076.9907,15169.29034,81198.0933,330726.1592,215917.8058,261121.4778
195.6817482,0,3388.965183,5507.105974,5860.509643,9308.554344,5411.421222,539395.1999,122740.9041,288155.7395,578287.074,472749.3472,505354.8034
219.6040526,0,0,0,0,0,0,471175.6824,101732.0264,250997.8882,492953.6051,342693.4798,329320.0488
203.2020946,0,0,0,0,55211.86832,2689.908256,8529037.784,1893427.275,5369344.233,10861071.7,9962258.626,11370908.38
208.9470736,471.6854883,0,0,0,54235.69405,1750.13673,8489861.456,1848194.19,5327149.891,10815500.28,9878331.518,11266476.88
234.5459046,0,0,0,0,0,0,157108.4105,41220.62788,73590.81973,144197.9393,67190.61962,129638.3412
206.0445922,1523.937822,3415.349778,36111.75873,13113.99119,283810.6612,26720.45992,34817763.88,6215629.119,14477973.88,26961309.75,22456863.72,23746251.8
218.0325476,3894.738494,467.5642828,2378.025128,6146.143527,9006.985199,6541.753272,900897.1178,239938.3576,712213.6975,1476000.849,1217227.65,1316767.784
207.0478723,0,0,0,0,19842.45306,0,3869101.004,678738.633,1583543.031,2968036.521,2470012.151,2630281.758
200.418067,0,0,0,0,29494.48968,599.2156685,3874047.104,746384.3084,1616646.089,2962668.259,2257334.765,2200504.64
211.9113085,0,0,0,0,26890.11445,0,3783578.4,702494.8141,1581336.721,2923101.778,2223029.284,2188266.298
160.0691125,11798.97299,15378.97328,15356.98614,23194.095,17489.4809,19351.99557,672936.8244,146087.7057,410223.3419,847515.5925,784098.954,890619.3727
195.0188427,5630.794835,4679.227302,4866.909464,4797.854017,843.5629018,3287.374566,739172.3962,239140.5677,704892.5101,1470189.74,1245021.826,1321497.31
164.0767845,11444.51839,29552.52447,37028.03874,27727.18131,95946.0633,95037.68132,671506.2035,138388.247,411088.5338,855251.7805,782277.4962,892705.1565
158.1203925,4012.578452,2429.313605,2670.35097,1681.14686,1154.508828,1237.081833,297006.7743,52740.98778,117309.2946,216498.0451,162415.8141,156236.7035
215.5894803,0,0,165.6339993,2034.648663,4436.967669,2555.815283,420718.5005,96828.61525,328104.558,717045.9211,638994.7623,742817.5755
210.4215944,0,0,0,0,8026.318808,0,1785846.24,286414.6891,600361.9043,1097287.493,845416.4964,880967.1088
192.4013894,0,0,0,0,832.3207007,2313.610808,485565.8339,84341.06774,130208.8016,243837.4092,359904.0603,675329.8667
203.9071083,0,0,0,0,4107.693933,0,1521090.347,250977.4512,450170.4484,661910.5613,420790.8568,434497.9302
204.6157769,0,0,0,0,13377.94881,0,2456346.441,381062.3609,692298.8769,1073009.605,676286.6211,504848.9786
213.4167698,0,0,0,272.8749086,8442.724247,2218.866663,1037497.711,163157.1251,273643.2288,452524.7288,258081.273,211414.3271
232.8034388,0,0,0,0,0,0,74038.90782,4734.595381,26916.16088,80376.25642,101072.5956,141774.5592
180.072273,3961.733706,10847.19871,22897.82155,79755.54011,95286.18254,61885.65417,122256.8366,30713.07926,63585.18664,149323.2259,175874.5736,267302.0272
209.5712517,0,0,0,0,10695.75454,0,1990680.936,368941.1218,943512.1414,1796541.624,1433895.909,1396149.697
204.1847524,0,0,0,0,392.9490532,0,884423.763,198035.5761,562317.1292,1149046.175,1055548.541,1216279.383
197.0177682,5605.366289,626.8157768,1357.677684,0,0,340.1771117,334342.3468,99319.43187,350380.5044,653730.7202,530587.7216,540689.6994
162.0545178,680.6047602,1426.905673,25535.63351,43281.0448,22193.21213,3987.129085,2800100.659,451557.0478,1122474.517,2141193.086,1780261.121,1879430.844
211.2750744,131.6349509,220.3556576,2050.632216,471.4504402,0,0,522074.2,100754.7407,350505.5554,734007.1385,682499.5876,766342.4105
227.7222089,102.4779877,0,0,0,0,0,270903.4402,58473.42584,106026.3997,209290.6452,183328.0312,304397.6948
154.3286042,0,120.9357437,0,229.9575437,600.6244097,431.2678921,48824.20545,13566.0195,48221.24945,101342.5464,83235.80237,89952.5219
224.422553,0,0,0,0,0,0,383874.8156,85566.83202,288429.5877,628304.6195,568351.7814,686879.5606
221.1922366,0,0,0,0,0,0,572679.1562,103173.2166,227933.06,421813.251,448961.1687,727985.3626
202.5007051,0,0,0,0,10020.8335,0,2151528.862,383718.9888,868020.5827,1370448.225,935710.2551,814695.3122
163.0580811,5100.338635,2268.611489,4364.145341,3812.784705,3782.844997,8690.129371,270577.004,35450.44851,89793.7744,180992.6427,142620.424,150422.8744
189.8349062,0,0,0,1025.804647,5265.019676,2280.606081,270451.7014,67978.1714,262721.2028,590325.536,561762.4411,691615.7303
216.477212,0,0,0,0,4791.212877,690.2435881,225278.3519,36857.43336,196596.9236,455936.754,428483.7636,546452.0644
231.095726,1698.477701,364.6660429,2657.074184,839.4086631,690.0966457,2722.234933,112497.2245,36061.22507,143742.1393,322043.2649,289578.188,390692.8929
214.9391028,0,0,163.8972452,0,5325.46293,0,879596.0481,147679.3617,686918.4072,1601044.13,1730841.308,2299817.938
226.0630698,245.034359,357.9378536,1520.426879,360.1313628,265.0827619,1255.834688,70502.65153,12265.3482,101452.6105,257676.3198,231162.072,263745.1982
197.6907989,0,0,0,0,4283.577677,377.1726852,548054.5203,75914.18003,619955.8101,1546966.364,1748468.595,2334122.77
156.2074598,101.1913796,112.9313727,0,257.5679828,217.8396093,0,37928.39589,3616.303388,40722.14889,109893.9163,125781.7141,166985.6972
199.7313999,0,0,0,0,2080.192183,0,1039922.666,153288.699,259046.8845,374528.1097,263926.2694,312496.9943
193.7031488,0,0,0,0,1027.812222,0,477776.3668,116267.1684,263195.2039,491005.8164,348295.7871,332562.6155
231.8276616,0,0,0,0,0,1215.436018,97675.02773,10739.72808,56843.38629,127631.6742,100590.6623,116452.4718
201.8026826,0,0,0,0,10466.47006,0,1472362.181,269808.6966,492911.1802,877586.3721,721816.3566,786037.4501
196.348185,0,0,0,0,0,0,324574.6082,62193.4421,228759.3945,492590.5759,458561.5086,580883.4287
188.571504,217.5097808,0,259.3866969,9405.674377,13977.24698,827.6296125,149352.188,28690.7529,116402.5408,269946.6097,241409.6241,279721.3652
199.047239,6476.580014,10138.19215,13055.13352,8575.063313,8490.064768,14993.64372,953491.5846,168009.622,271197.2192,430833.5618,253513.0193,223487.8837
198.367212,122.8221479,2753.676902,4158.060321,11059.4686,11834.59374,4877.894692,415098.706,130731.9364,316300.8719,596258.3337,445696.379,472121.2284
208.215689,0,0,0,0,3432.586654,0,1494087.642,246377.9,374233.3875,447743.8918,271162.5449,318762.2333
269.0408043,0,282.9876494,0,0,0,0,339477.6139,96260.71611,171454.1177,287727.4791,239634.9829,239816.7815
190.4716013,1396.471807,9026.674497,7879.032908,15951.4169,5944.838728,3603.755703,208993.0913,68692.86324,197905.5302,395325.1366,314742.4732,322203.4884
170.3752355,856.3011125,4682.849601,6261.646856,16262.06134,12655.47993,7356.918151,74696.83287,14285.0354,52458.0022,104088.563,88921.53934,91336.54816
184.8562528,746.8863236,1531.476547,4149.769471,20614.00396,39944.42424,28776.1354,121954.699,37578.31448,160665.7355,336359.5912,311231.2238,424596.7685
166.1318474,4057.754137,5813.930189,12967.69125,41379.13357,18747.81422,12272.88637,321789.1396,58089.98074,304300.5347,254782.2432,183370.3897,219712.0538
242.0214723,0,0,0,0,0,0,227234.2532,60647.2168,121336.4189,192652.4232,153057.8132,146222.3375
134.0460067,8585.876038,8364.088666,13575.93051,13237.35635,8823.954343,7462.164568,70062.85553,21731.55606,33863.15504,74337.60739,65633.40609,58367.11341
228.6334647,0,0,0,0,0,0,244202.5971,25040.90741,116622.7232,282566.5485,165483.9196,238733.1817
232.0280869,123.3921204,769.5083096,13718.07955,9248.189356,4141.062309,986.392129,1000402.159,89751.90809,316453.8045,700813.649,377597.4523,510337.9951
195.0654505,27217.11649,38354.44722,51619.6557,43288.42868,27625.60953,58700.39431,10745.91351,4968.80367,4821.003232,9976.285496,6937.564898,6464.283177
184.6357842,0,175.3904092,5590.451902,11641.03892,29257.14212,25816.43559,853197.9337,58589.5072,263134.8661,776050.3168,324495.5686,1541586.882
187.0966311,51241.8857,91167.47702,158744.009,140895.8186,152503.2638,128559.4602,3404789.048,196619.5386,687522.5796,1910812.615,731799.7833,3195969.218
182.223304,0,358.4008451,4766.134237,8068.107954,14548.45414,11853.59043,406596.074,21733.48201,84638.21754,234582.0655,85347.47347,342181.0235
192.167793,0,0,3251.682685,6331.589343,12354.97119,9904.499861,360039.4315,17897.73961,74489.40436,205452.9625,74504.8892,310646.734
189.6067369,0,156.8462024,5878.456798,11397.37254,27153.8391,24208.26919,800251.2932,50948.17974,245885.2663,723968.0584,300231.3607,1447106.635
188.0999054,2920.950736,5543.965008,10607.49008,7747.051599,8941.392526,7670.298935,299889.4282,13061.74537,57537.10223,163314.1755,62101.50973,284495.4848
184.0281905,0,0,0,1188.062409,4278.780514,4601.005249,221258.8243,9958.158597,34522.62449,92600.04326,26295.75338,102434.5199
186.4767001,0,0,0,1080.71315,5004.094628,4746.568056,234851.6648,10809.25717,37110.55084,98088.46796,26833.93644,104183.7121
197.4482513,0,0,0,0,0,199.554643,82487.68847,3595.269178,30891.57076,95167.87937,35140.49313,177751.9256
127.6423526,167.6543734,1812.275759,22917.46449,30930.46299,23923.59347,46678.95099,203314.0031,50925.74283,508034.4032,32665.60537,46614.51736,377269.0952
130.4900111,0,644.7111775,22157.28183,28497.44337,22339.21697,43694.89682,189144.1608,45746.42172,476919.4805,29570.86339,41429.34001,360060.99
126.2533429,0,398.1599168,16932.73062,19404.5121,9645.696552,22281.42205,94214.68245,18548.97624,164654.1014,4153.298577,8104.555348,74425.61377
131.9496982,0,575.184774,13165.94761,15561.30047,7929.648815,17939.84244,79499.90831,13020.67864,144003.303,878.4150371,3449.011746,68365.38444
129.054418,98414.32704,155730.7917,455151.6954,274650.7919,128362.068,219180.4219,811584.0491,173964.7058,1318464.582,92055.36184,110481.1905,783106.6346
236.1047426,102.1921287,0,0,0,0,0,240377.7594,58409.70867,65007.55066,122732.6541,183220.1976,214797.4135
283.0683453,1359.463902,1917.469267,156.2850426,196.7252938,0,0,36207.45771,81128.69527,71562.11816,255.5110466,134437.1676,180640.5847
91.05490868,17943.77932,35533.25468,199901.6177,57281.73881,52661.90453,40618.61654,273999.7043,88206.45938,216335.2946,34445.81107,95817.70515,177017.4523
202.0200498,145.520466,241.8314446,472.1739495,179.4277923,221.7725002,256.7997494,257348.8534,14483.48078,91137.61445,267080.5654,130899.6749,184911.5089
165.042433,123604.3379,228803.9794,116764.0817,104502.9557,106661.5955,352720.8138,731169.4963,255894.0593,10864207.41,19757358,9464875.647,470527.1167
495.169685,12853.68746,11342.08719,42134.54945,48309.09593,14625.17448,17243.16852,138760.9732,108816.121,369728.9862,101637.785,521145.1096,775699.7326
458.4669566,0,0,235.4951755,3773.47587,551.5029382,2281.976651,28438.43808,28832.87286,123093.4595,28208.38443,209792.0926,334546.0669
468.150571,17371.93534,13683.28225,47973.9108,57241.67823,18815.04286,18470.05684,131438.7811,108176.9476,351051.4085,74146.48057,500099.1249,720902.0254
233.0420118,106.3437632,145.8589642,0,0,0,0,704.0987115,153.5372673,110333.0441,150488.9604,74886.84142,0
325.3434328,0,0,0,0,0,193.6070201,0,0,254454.7485,606400.0187,231362.8155,0
331.1179914,0,158.8597963,179.8390428,0,173.1670908,415.9667494,4934.236792,0,698993.6577,1552567.558,541817.003,477.3895442
337.0477275,0,136.9288299,0,0,633.5169122,390.5276766,332.2251043,187.4231001,260629.6862,634247.2761,238917.114,0
209.0848445,896.8900477,234.8932133,311.7710831,431.827296,0,866.2035226,34764.759,4269.732108,107200.8241,140074.8333,13577.96973,399717.848
149.7370658,0,105.6078149,691.8648279,611.516361,0,479.148887,31699.83639,9554.310578,119440.7867,259114.3115,141469.5349,26504.07181
160.0263409,5082.262373,7544.278839,6881.88131,6896.350916,4662.90127,10866.99875,53203.34052,16050.52735,190784.8493,307666.826,107340.3728,30109.35529
153.3590556,0,201.2150867,1649.519509,2000.796238,940.2953071,2762.315286,1378.00274,176.9073408,208193.8232,450534.1267,254078.5694,7461.12448
178.1392839,40014.71237,51423.49517,58950.55112,49598.37851,43802.77094,62828.01163,31836.44133,17136.7067,220157.2616,461078.043,245811.4157,17204.03874
165.054203,19395.01414,23796.32191,44884.85073,21839.38622,61421.81852,45708.05223,729999.4194,71941.48132,10891732.96,19331192.69,9631631.033,346380.1567
163.0139761,16301.31135,15480.74417,16601.35064,15877.92152,21945.11424,81799.48587,179877.2935,66352.52087,4159325.157,7990639.574,4316701.756,215991.3418
159.0453485,45219.74328,66849.8596,75993.76051,76978.86845,61607.73203,64644.04451,211873.5498,73662.49447,501447.4775,1209000.16,759732.9124,160395.1314
162.0078947,1305.909882,4175.783639,2415.849241,2557.376084,3144.346757,12943.03909,31493.95444,9554.655856,350408.8404,637329.4843,304171.688,26245.42216
167.1328347,1469.265385,6034.512782,5143.939607,9987.52227,17766.42465,73949.71931,173803.0819,58465.58192,4077901.659,7892675.787,4236247.992,206759.8993
211.0599713,1780.845957,1129.387104,2697.342932,1212.291923,1310.514851,3198.283823,18925.24972,165.1970808,251433.5297,456005.5984,233206.8904,5771.602909
166.0574888,3355.167675,11085.4128,9284.097859,4743.618523,3383.322603,24284.25261,65089.94163,14477.99999,1046754.167,1870855.451,919986.8887,32937.5686
121.0643067,174.3601477,556.6425711,857.5985361,0,2885.947932,380.6022985,74852.69694,4008.889671,1350522.632,2472883.609,1207686.18,33151.54306
169.2510772,646.0940996,5540.358555,9407.558402,8228.64518,8338.864644,9038.986123,75384.19119,5701.021439,1203175.943,2075487.891,957522.7518,34938.28314
161.0114383,35042.59481,24563.35235,21817.00811,17726.03306,14610.55248,43161.82422,86450.70304,29705.89734,1238009.044,2097084.813,980846.0362,42547.6475
119.781001,0,0,0,168.4297024,160.2300178,150.5535885,15046.1247,0,509609.9766,1010939.559,535036.7836,11615.59395
171.40983,79.31111229,2906.62273,2367.707304,5160.271433,1606.224531,9905.467236,21117.71986,4042.981964,536016.7948,1236070.66,748055.4327,27785.40364
173.6101689,203.1015355,744.4969488,377.1958574,2676.603835,1012.167312,7178.344932,16877.3457,4815.089442,556465.3388,1077934.516,526534.6212,20987.39312
122.3683448,0,0,0,0,0,0,13583.96794,0,499098.1116,1002604.545,525466.7014,11302.47992
158.0762809,4064.891873,5921.676372,2460.093467,2893.602342,216.6201312,4474.857918,8413.81134,1341.026671,168014.1941,365757.5351,191140.4417,12699.71541
157.1153119,14181.85853,13162.81299,13791.58598,11637.76286,10898.43202,10439.69439,18064.80007,11148.05495,565824.0301,1085341.172,550613.2428,26490.06705
156.1635001,72.9450307,1071.685927,413.0169429,168.4494456,168.35514,4628.43093,7985.012581,1244.642156,192907.9901,358735.5307,156466.0881,3200.387708
174.7262494,97.64719515,335.4870281,550.8430867,2268.248794,229.3075007,2025.14802,10220.46439,0,175381.2439,346541.7627,149244.8714,3130.64548
117.2748768,0,0,0,0,0,142.9644115,0,0,53193.69137,142561.3646,88438.06476,0
175.8517593,3713.545055,13728.41451,22608.08712,20800.47138,16989.15617,33076.01728,20040.60385,1675.897887,170872.2871,322158.2103,189481.4895,5122.756566
214.0694461,395.4567006,108.8592166,185.5913357,167.8324606,0,0,0,0,87497.5112,179573.9249,100575.9243,213.2045161
272.6347577,0,0,0,0,227.4418183,18073.85255,105168.0805,15327.63526,48020.0496,39760.12527,150443.4583,87009.29217
281.5926435,0,0,0,0,0,15178.5847,98336.7318,14333.11613,49737.08233,41166.59759,152064.343,82613.78417
304.078324,871.7964632,7238.833167,16603.93081,10824.28861,2281.929053,37630.39361,170857.1454,30282.51156,61505.47892,48107.32248,130064.8775,79340.333
237.4880238,0,0,164.4145151,447.9308568,815.6483274,28681.17697,119869.6307,22640.84032,51067.86183,37547.34548,195937.9708,131004.1968
241.0824263,12811.73669,28674.68603,49179.1152,36399.76029,17760.55959,135320.0855,486881.6854,84294.70104,148355.8894,133764.7587,451949.3248,281464.3711
287.0882484,3931.794879,10180.28985,17248.05375,12093.14055,3074.154669,54234.99569,191496.7745,33206.72853,54339.98569,40097.78817,165017.1879,106745.2797
277.0597981,37942.18099,39988.50102,49881.51949,37437.30693,26375.72641,93341.39599,426520.8491,64976.38882,146272.3926,127731.6569,346604.8196,189789.9637
244.7591016,0,0,168.1331749,565.7515866,0,27213.04579,113120.8393,20184.93475,52456.06504,38419.23727,200283.3108,122430.4741
185.0614488,9733.228764,10225.31852,9831.921064,5402.481436,4669.264217,4825.773816,455246.9695,76546.00281,245132.5193,452657.2102,330035.8774,214986.0543
190.0497221,568.2864217,1554.963574,1592.737597,0,25440.03213,2502.60957,3821793.722,590554.8897,2160259.231,4356549.398,3304931.778,4132859.692
146.059981,2251.937437,7617.494912,7477.385452,8393.230418,5984.067079,2806.84703,563612.174,79375.7333,296672.5352,621391.5216,596875.602,568350.9381
187.5306894,0,0,0,0,1932.674422,0,966447.1992,184219.8151,824881.3501,1798375.901,1480726.433,1992130.26
192.6197908,0,0,0,0,1169.401116,0,918429.6149,166331.9965,804727.2554,1788578.082,1459045.775,1916338.776
144.3608965,91.71800385,853.7068415,2737.771136,4729.484155,2715.298947,346.5506293,138568.059,22970.49621,120604.0574,274907.0837,263406.8474,270759.9742
147.7892201,3353.393152,5504.574233,7164.961456,8149.471018,4450.016237,2412.272884,131948.2033,20725.0144,105647.2686,255749.649,257303.4914,261410.9773
180.2674071,99.81840878,0,0,498.5368488,0,168.2838359,84319.15916,22947.71089,104695.2082,225223.0607,186901.9956,248584.8782
181.4504354,0,285.3463562,313.9182434,883.1673461,6333.648804,7294.219304,45201.01837,8494.689453,27612.87051,86588.34598,67224.15624,93636.04656
195.2422977,0,0,0,0,192.4973634,0,417801.1134,56929.31347,238319.1885,463539.4757,327594.5501,389822.6821
191.0530816,445.1574663,267.9629923,183.5918305,176.0216543,493.8576214,0,391399.0821,54295.94353,211264.3119,449561.8649,335878.5478,435420.5752
189.415056,0,0,0,0,0,0,270123.6227,37136.14927,129620.5198,219409.6294,131560.9743,143253.9786
193.9246531,0,0,0,0,0,0,156544.1767,20596.47784,74154.63101,174685.5872,115410.564,74903.31504
193.2704579,0,0,0,0,0,0,229472.3285,30599.82305,110859.6735,199223.6825,120505.0257,64909.30083
197.9188652,0,115.8770256,0,0,0,0,100086.0926,15508.03957,102066.5524,284641.5391,256088.5617,375085.0803
142.6907894,170.0378107,698.575272,2131.153753,4030.054076,1339.612135,244.076595,62417.52299,7132.002294,30939.19748,67080.9245,59981.80278,51104.43315
200.6508832,0,0,0,0,0,0,96636.82086,17784.5173,105902.6046,241658.5281,180293.1175,227901.9559
182.6405179,84.92326317,0,0,201.1523079,347.6528655,0,62755.00725,4938.415493,91417.00253,265019.5107,258550.0117,398740.2924
186.2898029,65.01573501,0,0,0,0,0,166563.6099,21312.03273,62474.72367,121661.6932,96057.80243,131498.0599
177.0565368,251829.0935,492161.1786,705437.3401,710302.1336,508067.5918,909514.609,238543.491,160682.3553,301781.0075,301941.7478,282104.7456,358817.6433
179.3649331,1865.650055,14790.13945,39749.46367,83238.36437,93069.54715,196916.1997,5532.823056,531.7932614,885.3667708,6317.881421,2635.354722,30744.30754
174.7887234,1997.099981,15659.42052,43354.46379,90418.75535,101485.7822,219716.4726,2193.483889,0,1550.355796,21991.02248,12765.70211,9892.915944
172.5661541,1290.809414,12146.02144,32103.23552,58069.91689,55151.64114,110616.1978,704.1410595,887.7970275,21860.40365,40153.98675,14738.71793,1225.41439
181.7206893,666.4608633,10534.36988,27142.46799,47735.51014,45177.65465,91850.51052,6773.392605,0,15901.07289,59557.16901,9548.376623,7350.520618
178.0575186,36734.68576,55763.84563,72471.41122,72708.46259,49795.4319,90154.73722,28731.48563,17427.08406,89490.86972,284816.248,150111.0539,59088.59984
259.0975541,50439.05552,106996.3339,144053.9872,56520.67043,45933.26948,63105.16825,15030.44369,314.9948879,0,1360.833157,182.3694532,2508.489407
253.1304699,74229.19169,236082.4437,150857.588,265683.6486,185945.0922,320377.0383,31479.63114,8125.361506,7405.640654,4546.681954,11528.79939,8543.376461
182.0448099,24142.53709,36516.2668,191966.1168,190499.0349,198977.1541,122379.6341,2878757.162,369866.5326,510490.8921,1180398.694,870227.1907,1497701.231
179.6827207,0,0,9806.242411,21426.22092,41408.01616,25944.68217,716240.9314,112669.3541,192048.0512,489292.6078,384670.7652,711843.9366
177.3663769,0,0,7409.902992,12713.44819,20384.31025,11749.49271,345102.3014,46062.36508,63703.51305,145561.9789,103299.3685,167145.9645
172.868566,32679.33668,32296.99755,28459.67719,26127.09688,25531.80462,21568.83874,63807.72824,23412.25766,29792.84241,74401.74339,57995.62061,102736.5696
184.4536926,93.87585413,0,8144.574455,19878.12395,38303.47238,23744.2008,675206.1928,101609.7389,176511.2753,456650.9975,358101.3938,664247.5035
175.0943853,564.3495914,394.7486354,4391.972786,5679.880733,4318.761669,762.3071089,50090.45871,2038.08013,17883.51736,67899.03054,61543.18833,138630.6169
138.0546768,15855.7053,16574.32792,18952.15273,17574.93594,17936.68825,13781.1862,223452.1023,28129.09763,37449.5219,88766.88717,64129.62924,108926.8976
285.1706612,2252.989772,1212.726662,706.005756,545.2153058,15589.40904,9538.089551,1430550.665,391317.1366,345075.0636,1588075.128,2256623.662,1902563.745
289.905385,0,0,0,0,0,356.5118988,319599.492,104683.8795,115128.506,610747.8122,934942.7085,836070.6232
321.1472511,103.6527623,0,0,171.6077433,219.4138873,217.9691835,114255.1833,5802.692869,11552.91534,111648.7012,168584.9664,156710.1914
276.0425675,0,0,0,193.0297067,0,0,177432.302,29338.05931,44838.65171,206596.7229,278167.458,226183.7645
294.7587926,0,0,0,0,0,0,147748.3611,22747.44667,36596.77232,179710.2403,245946.1894,200621.6267
286.173973,127.3194137,0,0,0,214.6295022,169.6998466,206002.9733,32216.95126,46670.42322,234580.98,337036.3513,282071.7651
348.1663589,0,0,0,0,0,0,153797.9409,8235.801565,17995.38678,149054.9351,225702.1564,211567.3471
280.5509438,0,0,0,0,633.4323677,0,351413.0026,68902.46236,128452.5754,657449.7381,1000923.341,896077.5961
279.5851729,0,0,0,0,155.6814286,187.7225708,78942.02297,11961.93601,19810.42947,102294.0577,148971.6501,118227.6534
284.180821,0,0,223.4155361,0,0,0,74288.66076,11463.38237,19391.54241,99091.40054,145005.9236,114138.3782
290.9298419,210.2233968,127.958477,0,187.9597581,0,0,70296.80482,10976.35978,18901.1176,96975.12064,146025.4899,123686.3593
267.3459228,0,0,0,0,0,0,25898.82192,7428.63142,17932.58749,102818.6118,153304.3884,134139.0576
271.6420853,0,0,0,0,179.1869311,0,30623.02583,1168.237855,8884.613745,84610.80809,159695.3363,164244.8203
264.0864044,98.90614133,0,0,0,189.3156978,149.6856887,93768.59306,26830.78836,22680.18513,143325.8757,161400.8724,113763.883
176.0343919,21372.48629,35390.7503,51579.81226,63677.447,40258.82402,40205.42705,133416.3065,28697.89513,36130.96459,84019.05594,72798.93269,115310.0219
149.0597187,0,450.2339312,840.0206593,2756.518412,5974.419894,4665.460337,300575.0319,76836.61745,54605.65104,2493.086488,2379.634242,1169.992847
201.1124236,9860.096864,7623.540177,36934.35748,11954.20725,9403.67644,13583.40265,836328.7657,15536.06294,126134.4707,258502.0246,194375.2127,20819.38379
245.1391637,55445.65516,71872.25192,84490.7685,105378.6967,96102.44861,103765.9211,1713825.315,103332.8742,377387.4509,623047.6362,167770.2789,458.6655822
241.4539358,0,0,1169.279183,3848.866984,3770.411965,18131.89243,436217.1626,9318.113602,136027.7604,257456.2889,56326.33215,0
248.9093706,8840.876084,10123.7797,7308.615972,8133.058089,7005.594678,16344.95648,399150.2259,9203.304518,123082.9158,235721.6535,50823.79961,409.2086878
237.8512156,100.1858716,0,509.0840568,1724.625422,1741.059025,8162.988365,216860.6991,2679.422405,48276.74038,81237.74217,13945.57001,0
269.1137667,60536.64833,114726.2011,133789.192,109262.1134,85203.86533,180746.7521,10837.38215,10345.57711,8423.79211,5900.36535,4664.352453,16980.52605
121.0282393,174451.8875,179523.0629,181358.2762,176020.2401,152890.2445,150021.4759,134012.3863,124459.464,219975.3587,203997.802,178699.5544,299282.0888
324.0231215,23532.45538,32663.37834,102133.6274,89609.07988,71865.38644,87022.16522,24147.4436,2105.930473,6584.620993,0,3620.274467,0
283.1299076,99808.82859,269432.8766,588083.4241,470181.3495,289357.9185,814656.5736,21577.43717,1342.387595,5411.664669,8096.101331,12710.48456,12395.41247
284.1332344,11622.2787,33325.20331,71699.64588,55407.16701,35040.94054,99405.37044,22835.41091,0,0,0,191.2240179,184.8716014
287.8138464,1456.729407,10366.25383,47422.74863,72522.28746,58606.42506,185387.96,2105.016018,0,0,621.7040652,1676.964094,3034.26216
278.5594483,1047.895279,10481.0989,51088.30853,79329.45824,63804.83414,199318.8219,11722.61112,0,0,781.7100765,2189.310324,4516.845519
224.0924037,588.0972381,0,178.1934912,0,177.3290782,297.2304941,4130.446787,553.7751198,11539.61608,39140.52428,61146.8707,48117.98587
240.6742579,117.0600261,0,0,0,0,0,130748.6283,9939.522228,33996.09132,171036.8616,181453.8596,137212.3543
248.0926277,334.9649355,151.2359132,395.243528,1172.833991,6197.856262,3134.318179,1018147.689,99549.14415,249530.4572,1308232.122,1488651.764,1086036.251
255.8605587,238.2779872,140.9775819,1984.613683,3399.771938,0,2441.145357,119509.5286,9267.947804,26889.37904,142761.4635,155037.9818,104373.4203
249.0957791,374.7465538,0,588.9207934,381.6597679,0,0,129501.5427,11444.40487,29114.42745,160878.9837,196726.94,142968.1243
251.9313033,85.71970805,0,212.2772497,1162.587713,0,479.8665612,268086.3492,23884.28852,83094.74696,547215.2906,646649.2977,500651.2841
267.2882841,0,0,3095.176942,12830.01504,4672.865876,8212.569588,1035955.842,17338.61031,56229.78845,232235.587,86830.78883,364624.421
259.0006228,19464.55237,25071.82747,31699.92543,30400.1159,24459.23099,25444.4221,1077755.855,21426.69825,75251.0475,242198.4649,96354.86175,383324.3604
263.0951952,12692.45477,19016.04641,129617.9827,149392.6585,30144.45151,53661.0679,4064822.165,68944.07426,168599.1008,554898.5281,201233.063,790256.9527
271.5836497,0,135.1886585,742.5771929,545.2630439,0,469.971384,458772.3873,625.836529,15393.54321,57074.80128,16970.8262,71687.60902
239.1286403,36830.72706,40042.13159,37624.11075,35743.10122,32101.92507,31752.44369,416901.3365,32001.18039,236860.5447,478606.2471,281540.202,839543.9254
235.5776745,0,0,0,0,0,1015.203664,109811.3635,4150.593844,84776.61226,200655.9732,125787.8536,405127.6559
244.3404084,0,1079.058174,2367.699234,1404.79397,375.8554546,1105.895542,11304.97666,25822.69434,92740.88053,571161.4624,671153.4652,521034.5337
354.2027795,18421.75211,55825.38458,150722.4759,165748.3875,47651.58469,83435.71914,5138.848722,0,825.9489203,297.6926261,244.3038472,251.6542767
329.1034439,62507.33082,6131.434344,105326.3351,12756.34627,256880.2478,101490.3302,868356.7433,1169408.285,173585.3272,420986.9152,634923.7397,436323.3016
359.1136007,907.4767275,1989.330774,4270.624072,3144.316056,2475.377285,6409.752492,173677.5195,4786.896839,174719.6018,115868.045,57688.05426,2208.57872
279.0912789,21854.66362,37695.05886,295857.2468,332726.4968,74653.81043,219012.4133,1141028.061,12124.45254,66546.99982,322411.8874,103572.6648,407603.9262
283.6772843,113.1206028,342.1443152,7890.479203,21133.87793,4705.662981,11401.83099,281317.9654,1914.102648,22715.49388,123591.2172,40296.39661,179725.1488
274.6177673,0,0,9363.176815,22385.30925,4324.801613,11765.33956,291707.7591,921.143519,22505.88972,129034.8172,39606.35607,190591.8917
371.1312328,214198.3261,73588.24835,497249.5821,228892.2638,125165.6377,375002.0656,58750.50738,0,16773.46448,16066.24571,8785.999439,27118.76606
315.1289349,21658.35079,17381.32129,102691.7166,51301.70452,44988.75571,59590.6168,912991.2496,224723.398,379272.1794,751988.5106,681118.0712,638362.7864
327.1025772,95570.32484,53100.54851,92247.71489,176423.2202,119857.3974,244130.8256,39513.00336,888.7518632,4000.169071,11216.04271,4981.87146,8720.759351
309.7659174,0,150.6779137,1716.620176,3164.871994,5768.345827,9159.716904,242661.0727,67292.77063,139005.5442,315964.9422,300125.3559,295516.9997
316.1296859,923.8201211,1217.838116,5954.484349,5438.740207,4458.291349,5726.950194,165932.9368,42188.52369,85973.56826,162532.1383,135622.4023,142355.5739
215.1279653,46384.7299,53251.94067,166377.3861,93135.30965,80419.92184,86299.80763,1578711.845,140024.0048,582838.2025,274749.3286,393998.7047,956302.5721
218.2229936,161.7328535,121.5473296,8892.144818,9923.12318,10950.69858,13315.31889,396899.092,38588.10629,203910.2366,99790.9863,170365.7712,442373.0915
212.0965581,27087.60048,177031.0391,374443.5322,274096.2195,166237.1469,238189.6563,413890.111,40603.68035,215343.341,114734.8184,175528.7757,462703.6942
323.3830358,0,0,9983.142904,733.6867012,53330.37726,22329.48779,442374.7783,377768.4709,61808.01123,178307.9944,283495.0785,217585.3393
339.1559441,6333.048791,8529.396688,28808.94699,25716.67306,17259.11422,31951.4274,591759.3022,74583.94465,357413.3855,456314.6384,466523.2923,537856.7725
320.6327962,185.7837879,0,2914.913713,700.935426,5111.876869,2023.79302,59947.77358,63802.0984,125394.3842,300030.4995,284981.8105,281816.4728
383.1316258,362415.3218,377109.0941,844442.2424,814994.0575,348127.9851,785781.0001,258594.3719,32031.36763,50957.10925,62069.59726,89571.50755,31150.82318
323.1620703,22759.82915,14831.6526,61752.69587,71742.21684,49765.74336,74769.917,62959.5545,20277.34557,25845.67294,28538.73333,25909.2861,20501.70452
392.0996005,12963.36906,1280.531337,33247.36417,21745.82463,45853.65177,35280.33426,199176.0472,289622.9479,49646.55447,99403.64599,157124.7474,1650.610988
334.978688,411.895232,741.9043351,16277.00992,9783.903959,50345.8829,22449.37919,210151.6912,355774.2664,58134.70967,133102.7265,263562.7706,175069.7883
354.6478448,0,1089.474913,6730.897746,22803.30681,23021.16553,46865.74362,386170.3717,37569.76605,181888.8851,496749.1186,541357.7643,602970.6598
361.2238025,39131.53451,96070.96186,155866.1235,151789.9991,122739.3534,180794.2606,1561634.895,146366.9018,507580.0908,1213293.225,1256750.767,1303586.188
367.9840391,203.1008977,1849.630791,6043.573475,10659.26627,10650.47897,25063.49799,364079.6039,29685.07597,159637.4375,465116.9994,505194.6505,569230.9587
235.0660848,11078.35972,16120.42617,34726.39241,43512.36496,25086.10322,26594.03394,231912.1744,5106.735102,40877.4905,129399.4452,22463.08023,154016.1292
285.1708345,22261.74615,7420.586824,80593.86333,198710.4686,171057.7474,154081.206,125359.039,4374.284234,18505.18419,64124.11325,72265.6123,42766.65516
246.1099141,85475.38989,177998.5064,404457.5005,329042.4814,222996.0336,261633.2226,29813.68028,252.2337299,18929.1089,38005.0472,57238.43412,7737.520335
374.9406958,407.1183712,3172.791748,9240.993971,8786.286842,3526.473449,13316.56971,107331.5197,5370.252711,42597.06902,137027.0009,148803.2327,155185.1789
414.1673768,380013.0614,1126577.907,1122268.761,883392.4381,730506.5192,1193214.585,560.248793,0,4110.286394,448.6274226,439.4041368,0
380.1846197,225909.3757,751918.3462,797237.6191,516469.9258,414890.1057,779685.0918,71655.42541,2237.804145,25234.37593,57677.10463,39208.49058,53259.34369
415.1716705,75534.80988,223764.6946,224468.6715,176934.8338,152150.4031,235837.0263,27453.17592,3993.078236,2726583.595,189445.5206,45797.19942,13858.05472
362.2271249,3696.628143,8517.536879,23736.49272,17659.66351,12019.81496,23671.41042,165644.2259,15757.2962,62337.17344,187439.1956,200644.6507,205680.7013
145.7379638,231.2312517,4383.939542,21780.00927,23940.67577,25264.28608,28639.81602,52668.98399,27656.69131,88867.50157,45384.11327,42767.15569,80442.82843
144.0443794,87868.80881,149590.7025,288507.9319,166407.2076,136918.4462,140029.5171,228364.196,100274.333,252774.8268,122299.2309,106482.9884,184137.0312
227.1285625,31869.11925,42053.28786,85878.69673,65487.84071,58369.91913,54602.24521,842020.0275,89681.21812,287605.927,694787.4036,1094280.559,1121487.543
223.8405216,0,0,1216.624483,2253.852008,2942.243684,2921.84382,278237.9167,23443.61936,120405.3012,287818.9175,478536.0225,523552.185
230.4895919,0,0,335.9789671,1935.983971,4934.305728,6179.740463,195181.4198,20476.27922,112361.8491,268144.8887,448409.6606,496118.4013
385.1456015,739735.9062,396834.3368,1677775.359,1639748.976,877184.1996,2056386.96,177446.9393,18876.35399,43557.10338,38635.26184,50078.07334,18772.09973
386.1470855,112854.2973,55630.17449,258546.3403,254095.1577,126496.9577,322876.5797,18776.58599,0,73290.1433,2767.917476,1778.801269,5181.883136
142.3800318,377.619473,5063.471858,24212.66409,26430.19489,27347.81584,31263.26038,56442.76721,29368.73427,94838.20281,48478.30266,43903.1924,84428.13313
238.1083862,372.9015401,184.7943627,539.4152915,444.532073,1822.170561,282.1407683,335265.3783,33621.44651,147857.5578,420784.6602,371318.7199,312280.2142
377.9080906,14401.79439,17399.4809,152927.7768,288862.5866,195761.0055,513709.432,36477.62434,1380.269486,4661.516344,10467.94179,19982.85039,4278.133229
379.2119407,136139.4196,22185.07546,286790.6103,383739.215,223636.0788,339349.499,130179.7713,44644.39554,35423.88968,126093.3387,198890.2314,63889.40227
440.2553715,7094.569021,7691.130556,3086.202806,9360.307347,977.9629418,5734.061181,235542.0946,60924.5637,1549895.282,1365070.783,746083.8813,2093295.014
272.1043173,1126.037732,1420.371039,3996.711321,12249.67479,5647.020796,13215.38235,203943.6016,19967.82398,70114.2983,204675.2498,208265.3045,63853.46302
429.5882839,0,0,0,0,0,0,13723.5639,1879.657007,129445.8288,97341.88951,42765.77249,144146.1881
422.8479639,542.3654769,0,0,0,0,0,11373.78045,4299.81192,191984.1016,166248.2298,84276.94064,207001.3377
441.2542422,17423.6965,14061.58906,7177.023758,6939.945355,7099.862413,5646.244844,62059.16876,15276.20389,409729.7008,388659.6871,170166.3377,578239.9843
458.7603721,0,0,0,0,392.1058922,0,9440.253535,2849.035899,168951.2908,149141.1817,76038.47688,198109.4103
431.4198135,0,0,0,0,0,0,54523.38225,17805.62416,571002.0274,559276.5945,313619.0387,986781.1365
449.365148,165.323505,0,0,0,330.4455344,0,49187.02501,15890.59799,537390.4046,532358.7689,295893.3935,953354.0662
539.2877986,0,198.1805216,269.4963105,0,7997.381583,0,98501.12134,31809.26211,70923.65846,81453.37531,81376.20715,9415.409499
273.1709887,42496.02999,50437.01572,184327.5571,243699.26,141362.6781,173413.4559,964914.2623,43049.52847,217764.3276,659846.0553,272974.2459,398992.0878
309.1823351,227608.0818,545373.7682,824303.2219,810510.2495,574445.5795,1018322.544,20534.56982,446.2336959,328.8443845,1735.130651,1179.391986,3907.871473
303.9695565,591.9661833,18858.05628,70157.80984,141145.5358,122154.6727,251371.6533,2609.57571,0,0,357.6138474,0,313.690824
317.1545789,78083.87561,90634.02686,176816.6324,229018.2915,127542.1105,217843.5548,279390.2799,88986.53957,171066.5265,369829.6847,203774.705,672353.0301
223.0997963,7914.769967,30223.8458,43865.72421,88656.46811,48388.08776,75853.67555,227935.1405,14187.0418,26514.34472,107465.2538,47102.79416,18074.16483
312.1933197,259000.5485,281546.2323,51983.7382,9044.59038,222180.0742,137352.9698,32044.04115,1937.790484,45221.03215,12809.67647,13650.40202,2203.052607
329.1035301,40759.20738,60795.96458,38828.71357,22506.46929,199386.6137,140487.2069,115053.7335,236811.0459,241693.5765,401312.5785,61232.82537,385364.3324
217.9233466,10263.8812,27875.70267,86681.26227,163754.7746,175420.1827,197954.4495,196479.4254,212219.446,297658.5294,281930.5456,308071.7078,78218.14519
222.0848913,59325.19557,76113.88971,110518.5394,99748.97137,84174.92845,84417.03898,78630.99875,67105.64867,74645.01861,48785.48945,59139.58658,13664.42198
224.3086832,10654.00465,26347.05901,81566.1084,153072.4894,161828.3822,183449.9792,178082.1986,190395.2965,250208.6124,187163.1488,234659.2987,64687.48932
221.0815116,562906.2903,703349.2411,1002580.774,931125.5802,800890.4533,799818.2039,736025.6652,661646.6592,787450.6488,663945.7345,698079.2692,618321.7555
227.6070294,7539.848374,18640.0649,52468.07227,79392.39784,76535.86481,79299.1983,72946.18415,64822.72404,76959.02769,49883.12631,58461.64403,13172.48879
227.1284962,15092.92341,21979.74822,28686.20281,25069.73619,20204.61084,27026.54483,58435.17063,22837.02285,222783.12,255548.9893,124665.4969,505693.577
281.139719,103380.9864,74960.4022,185241.6209,308268.5833,159008.6444,207658.579,110399.7027,61380.5963,59905.91033,107670.4892,164027.9488,145643.5334
319.1648394,105503.8114,64471.94457,327465.6496,397312.0141,216290.9251,358813.4633,108074.5946,26638.42164,38094.81874,104425.2464,48606.41589,88120.12334
224.2958757,10516.94875,26590.05698,76225.3392,150342.1659,158325.7586,177184.3224,279866.3686,208593.417,286568.9524,223069.1202,305175.7223,127294.1258
343.2127985,139747.718,311343.5761,563491.9038,509617.1201,392345.354,543450.502,4283790.481,288476.4359,1554309.06,2859959.184,1560308.77,2788067.603
344.2161307,31532.38892,58521.88833,101118.2805,96267.11614,69332.94324,97048.07988,693226.8839,47411.81212,228950.9491,401137.1486,203727.9944,256593.6056
349.4718169,0,0,27971.54568,79532.25345,69185.49929,101593.2176,1093503.756,84009.51271,562148.5365,1128645.076,611763.9587,848146.8533
337.1207454,19337.16743,35555.62792,49303.03105,93446.58886,84445.70995,160352.1823,1127249.706,79347.49477,572282.4845,1167508.956,629256.1759,1322650.589
313.1088418,179305.3882,529278.1827,317916.5728,83127.82434,1167819.244,1458940.652,961530.901,1044493.838,642121.0251,868075.1517,839533.8441,438007.1304
303.1216476,5844.360368,3703.532721,3880.071496,7985.319001,6737.045023,5450.660867,539770.6845,546415.1924,724878.8144,597259.167,387224.8762,387355.6162
318.5596357,2601.955645,20691.04233,22299.97007,9669.796107,234028.8034,341038.626,249328.0878,330082.8963,201569.8094,331863.8959,346055.5957,59972.97599
307.79705,5120.264476,30117.48714,24491.73985,10900.26502,249780.4476,361119.0692,241288.0221,346829.354,161521.6329,338539.95,366183.0894,65427.09808
373.0746664,54603.30032,226437.878,358647.4323,446313.1207,251603.4168,211457.4961,69567.13785,5239.792963,18474.73774,50976.08714,31441.43831,126192.0755
298.0622725,17780.93142,19985.47428,1054.30255,17376.12531,12390.87009,15534.91048,146938.3247,149029.4903,267575.2237,244940.781,147531.5548,181994.2221
225.8126768,428.9002306,2731.880054,19420.9587,17928.25143,18615.62576,23603.79253,1353571.094,247378.8695,800991.4827,896677.3843,1031884.34,1771288.108
229.1440774,68640.60741,86497.60125,228193.2587,123579.4689,104918.184,113462.2572,5024254.565,759267.7063,2103107.957,2098197.899,2328152.66,3738972.691
230.1490269,5496.618243,9299.385235,22671.19112,8713.250778,9536.505329,9186.826599,596282.5112,81964.37914,242619.7139,257435.8244,276885.4838,436964.2737
381.2271486,252379.8996,478676.7007,452393.3473,698691.8683,346492.2421,641330.0314,173558.9314,99567.14235,66744.11095,232807.4377,290716.6462,180799.198
225.0989821,11244.76968,17082.3844,21285.75976,16780.25218,16614.86254,16384.4851,414343.4956,65715.23304,158662.8518,153284.412,167233.7071,155913.3284
216.2402645,375.8741092,419.9546599,1955.493136,5057.68885,8125.373859,6511.599452,149329.2304,38040.63053,116442.8805,125766.9841,147580.6236,221705.3597
232.5500954,104.9205121,658.2067535,14755.8798,15624.84784,15811.21948,18814.44423,1308743.506,229126.066,765329.2012,864925.3523,992380.272,1713013.572
236.0327272,1312.301773,850.6244725,8347.955113,6910.156562,5210.188407,7001.736293,547253.5401,99904.65944,243210.3051,228854.4303,245714.7617,355657.27
222.5554978,1487.695816,4344.180118,15043.59875,11418.07991,10421.64765,9897.785929,589228.3892,106762.5352,265681.723,243018.3964,264560.4573,377235.5822
347.1868034,543687.8345,120328.0264,908952.9548,872107.1342,639803.2446,709603.3745,135345.6562,51850.29071,40366.46354,52027.606,1611193.881,459523.5969
311.197584,71909.22892,89554.0626,332860.4734,310375.1028,192019.3894,290294.058,41134.80349,4170.957577,4552.672072,16759.67018,6227.015699,21046.54728
395.1713978,5409.466524,9306.855274,22910.83138,16535.16423,14728.09115,12109.82458,167593.5095,71976.23063,120390.6095,232520.5671,335391.6472,154572.0009
341.0440607,9206.78818,9840.667691,30501.73369,39366.53445,50508.74726,95699.25088,207800.3207,8569.427095,134830.736,112119.6685,216251.0462,396259.105
347.2436791,164069.2829,132249.0223,395120.0695,243633.5579,215989.4033,396982.7333,800956.6153,50380.5624,384525.4585,324424.1263,699459.7517,856394.737
244.5184807,3766.316126,7955.570551,7351.038114,7657.646841,6505.035606,4654.026386,181418.5617,208291.9771,87868.87114,348735.0551,127165.8854,530.8223353
333.1688932,72456.77525,9567.594251,51017.54524,23360.11739,133399.4868,127308.7488,2499096.695,595881.0675,729610.9182,2498366.071,3028393.085,1022021.533
247.3339335,215.987915,5249.971811,14590.57755,30018.50807,31139.64139,24222.99786,957222.2499,1156150.802,568481.7313,1471970.626,903686.9257,9600.894484
246.3962408,14352.40354,35167.70665,66151.77786,102350.1225,109531.3034,90859.25907,329436.797,297423.3841,138498.338,212993.0765,122114.3644,15587.60578
402.9109339,1075.632377,4399.243703,6587.710476,3098.617923,1823.128124,526.0243015,34491.38695,17343.65426,36965.88857,79903.15774,130774.3317,90664.55
149.0230494,2088.641385,884.5755139,0,0,0,0,39621.20164,45081.15489,22006.52044,54394.3161,35193.5407,462.1244917
255.0657656,90233.89684,24220.32847,75363.16568,92159.68483,121369.6675,100218.3709,8273059.919,9972923.421,5099575.577,13176357.88,8444302.945,62961.40846
256.0689474,10767.9464,9098.992371,7228.779918,605.5854328,2561.274574,808.0995469,1287466.551,1580337.993,786618.7241,2054847.502,1315251.809,2733.915031
259.9289102,0,0,0,257.3185815,305.2706561,0,517518.8464,625738.1339,333812.5832,848225.5744,350520.2536,1083.590926
239.1850909,0,0,1444.871996,1528.299273,2845.314322,1266.36217,142519.2168,138836.1266,65568.31517,148456.5765,57732.88853,828.6826152
251.1551675,6550.196396,9457.326706,50613.3498,34484.46647,46034.21696,29361.30212,2213585.88,3306456.724,1916121.191,5491902.613,3672277.261,46115.65301
259.0682755,20724.50534,25797.31771,31214.50254,36121.37039,34195.74769,52388.32683,2153998.128,3251778.5,1862058.675,5417875.021,3594862.188,29429.38946
257.0569184,19812.62665,33253.09908,38450.79106,22198.62446,20194.55663,25275.01801,765604.8313,573740.4736,235957.3528,557022.6352,314170.842,19626.76612
239.9504405,2403.770522,10117.93012,27115.31994,67680.83655,76893.35476,69100.23642,279808.8286,479428.1429,277122.5309,762463.1917,325485.1894,5076.531522
168.0739474,180437.1207,1267.213163,9968.742667,48779.66136,26874.31706,54260.54405,36345.66162,704644.5678,79913.29221,6450.515464,23523.3533,13358.28636
165.978029,6656445.987,109395.2088,138594.9419,286673.0398,140354.8628,237727.9908,165934.3569,2229270.097,225347.3199,22199.66326,85601.15068,69743.42423
173.1173084,221984.5735,268132.2033,359141.214,314611.7976,274495.8491,272434.4409,265813.2987,228811.7423,275587.1282,246926.3104,235490.9387,235089.3945
252.1354931,1566.836994,5933.674996,1075.859521,624.7968059,1387.429073,641.6829333,583573.0689,484003.4312,292675.0214,824647.1171,565341.6695,0
240.8554484,33977.92122,53309.60306,77293.7536,63709.13527,62293.558,53639.38412,200906.2358,194853.6558,148808.0376,355396.1606,216836.9175,581.2745977
170.9263481,10912.14505,5036.294028,28759.45715,53964.82692,57403.74297,64716.19838,60789.10327,60629.32407,99763.81691,80655.52293,98330.05509,108280.7067
263.1659255,0,0,0,5502.086073,7631.180158,9195.445145,906416.5933,1075429.234,542594.8284,1443733.867,877788.294,5248.868442
262.2859003,296.1837795,1454.637604,1363.421911,733.7499844,3617.377727,3564.62747,131403.5337,183320.5031,121589.5283,379765.8445,223473.7718,1838.023327
335.1852242,6971.066995,3517.316716,34985.29253,20489.9356,19853.4218,28021.34409,224196.863,42505.81985,64580.82374,533978.9117,1064326.409,348056.7811
329.3050244,0,0,602.1386048,357.9860223,807.6177933,952.9868246,55052.41253,1688.318335,9281.848435,205846.2622,444930.021,153432.1642
328.2256123,224446.5067,99481.78999,78969.76498,32939.093,183516.5045,94557.64093,37236.85544,1626.230762,21725.727,32835.72999,113037.3535,20329.3684
379.2126441,94291.63838,37784.40896,150353.3952,225215.5099,112630.3172,183737.0559,87560.9874,18125.63814,9635.529393,239129.7991,368573.5221,298563.5992
326.2087318,805318.7573,509868.6212,211949.7822,92804.15187,768324.5138,494846.743,38951.87038,616.749976,9306.239415,9834.186939,11000.97797,8010.852981
152.0342598,107846.9137,105654.8031,107189.5125,95010.32165,90385.57102,85619.81596,61536.50532,76161.09132,70703.15777,49217.83026,42739.07429,34998.94016
345.2282736,194383.5458,74690.10948,387657.1627,247232.3384,225314.6169,360658.1486,3458423.926,315915.5174,981635.9583,1387545.237,1982597.943,4470431.791
351.5427373,1672.32658,0,27622.00038,38113.8926,38798.31575,76781.28781,874602.1875,85203.14263,348653.053,464000.4545,818119.9538,2063521.223
345.1744969,191526.4254,74264.16005,378489.731,247465.7105,225831.9905,357513.9701,1669287.509,309543.6241,922766.4636,1175696.128,634294.2187,1908849.265
362.2059616,226958.6222,170220.6054,75386.98497,24478.24105,144549.855,95022.12332,11867.4395,0,27348.53672,8909.355205,18316.48466,4544.996114
253.0507111,125995.6145,164866.3091,131781.8651,122315.3423,228679.7492,126269.7043,2330836.058,11759451.95,2329829.12,5064716.696,2421545.153,300184.9106
249.1863103,4099.75288,8404.1968,13725.78479,32194.55016,52623.7996,35734.43479,25659.54065,3774305.282,904107.2468,2175759.936,1092302.565,110533.0027
257.0048541,1018.34111,3217.632325,6146.173763,18244.44345,62011.9762,57258.10406,6305.339867,3724897.355,879320.1584,2124564.261,1055581.993,76039.08212
245.4085011,1427.559041,3696.631841,3934.477959,8458.848762,25173.38341,23729.85995,5884.152033,1353147.452,273954.5128,550522.8714,268226.0226,16687.99368
272.1485757,643.0836292,829.7177703,669.0361452,0,19864.82168,20674.87104,158835.9046,308456.4579,135835.6277,321781.7789,256253.2379,113246.0804
267.8360919,0,370.5366556,0,0,8726.629832,7286.609013,72749.23203,53632.86563,45608.83125,286521.0046,254731.0824,114194.544
273.0768639,3529.300236,4069.730211,5761.509576,11162.63649,19806.73479,20784.88145,1324258.802,100786.3122,466443.7454,4719109.902,4031961.761,1870560.584
268.746646,0,0,0,0,10391.51992,8768.251376,352208.2716,29130.17536,154583.3224,1951479.367,1791333.32,894125.5257
277.5120281,0,0,0,0,21979.0445,29613.73061,335655.3559,32651.40477,157659.3957,1947161.584,1738860.459,860351.9964
286.7133141,235.3874252,0,2641.03062,355.1679758,37794.46177,36703.34601,12164.10574,10778.52258,17937.07181,289831.5377,275442.4301,158428.8885
334.1728649,7058.493482,5931.065502,40916.05855,18493.403,26441.80492,48696.67503,428817.0292,59715.54965,102609.3766,429980.4936,547114.5291,163146.2656
177.0541418,2897.98115,3912.584111,2551.452282,1705.409651,0,3704.746574,51618.83971,20769.34725,5149.488177,89692.74366,58542.98019,9912.87945
274.0801255,0,0,924.0078234,0,8900.27052,17089.96647,92806.33782,16969.70372,61685.31205,679446.4763,589081.7871,253510.2538
282.0566001,570.6754838,1197.018324,0,0,23059.35963,14877.54352,76535.95693,12846.34155,39098.54097,496372.6502,425751.2009,175274.7699
260.3896833,0,0,1057.713233,0,12157.25225,8771.072424,14098.55153,43528.51618,21141.63864,270191.7251,294412.2923,172834.2139
264.5186793,0,0,1002.15802,0,11605.37282,9470.908012,83963.8002,21853.19446,49695.13922,500645.0263,448863.9806,186387.1718
213.1486352,228211.5219,252820.2657,252635.9118,227363.1894,213611.7898,211983.9859,167399.4,179543.8734,157226.975,129274.9098,135272.9214,126706.5922
346.2316368,37693.95412,11030.91519,71821.5453,44838.46278,35329.7165,60671.29806,585806.1803,34454.88574,149919.2506,193085.5946,78790.15279,776538.4795
461.2546367,4392.273008,8832.901706,17033.94921,12498.26061,4711.853497,10544.7113,147487.0125,117129.6371,83926.73914,207424.2019,377357.6627,189003.918
358.0323674,861.4611144,328.3202404,15271.01323,15364.94366,15963.90436,29187.68183,366063.6233,20224.15472,101174.2887,86535.35459,49980.5144,427754.4359
287.4124038,43364.05226,71651.66506,118447.4293,78153.77999,926874.501,952181.185,613609.0156,410581.8212,231557.3373,227498.2105,313989.6567,182814.1991
302.1504396,20613.99693,40390.05303,104932.0905,63493.90711,1737328.902,2026497.273,1488224.29,902982.6255,662246.3759,760687.2694,1162333.868,721266.2489
292.203466,25178.45444,54082.31484,134162.1704,90684.92909,1785269.335,2077008.685,1451349.224,998981.0096,653614.8821,770807.5125,1192019.025,804504.1581
298.1166983,95236.06565,102790.9243,186422.3835,58991.17191,1590584.592,1622994.765,1000892.278,548916.8865,298100.8433,325467.338,487684.8338,289162.375
297.1132605,560601.1324,612999.4861,1068510.971,351301.2002,8229817.26,8244599.191,5360643.06,2903582.283,1664805.662,1789551.075,2641568.273,1718911.044
312.6142499,7274.784489,15046.99908,34955.1232,10113.24123,256984.5602,212167.169,8670.820498,74861.00965,73593.6973,107505.2204,196977.1979,141854.2528
318.0566477,4319.972238,9127.24099,17309.72008,7023.458734,156003.3407,237198.7129,171659.2821,120036.7459,95530.14638,100119.7444,169794.6485,99476.21981
301.1568401,34148.20808,31077.18811,63177.13113,64095.98372,129800.3245,195079.8675,260699.9316,569964.4066,711979.461,891328.169,218132.5899,427203.6989
386.486935,0,0,4253.036951,3887.931507,663.5287501,1544.701122,6231.915288,3975.611382,6055.323638,86771.56428,151109.9191,127775.4046
266.7784741,0,0,0,0,4418.108579,5402.403254,246882.1822,4333676.056,1153871.006,154110.0155,53122.06088,12986.84229
275.4467885,0,0,0,0,15425.02898,13353.55734,237600.3508,4284224.473,1129464.601,148644.1129,49025.56038,11526.78413
271.0608852,32471.88738,13581.9673,21966.42594,14958.92619,21256.33969,16464.8573,927675.1835,13356220.69,3098763.22,379182.5424,124699.2171,39561.63918
409.1901539,28222.12244,42784.20738,186767.0643,408427.2458,65519.95194,65654.32881,2298450.922,66056.56887,129460.4594,808441.2687,112784.3011,1053240.954
407.1744834,34281.16696,40044.70708,212277.1905,219767.3063,70801.51138,96741.3596,1391859.35,12531.14605,54195.18027,459290.646,38176.28889,559246.7508
331.1916378,268566.6752,174126.9428,604903.9156,355060.9142,486124.5581,752850.2397,113811.6795,133641.7658,6456.017102,16122.23779,51856.40135,55898.27178
199.1332728,58094.94525,109256.3891,99757.49018,63634.73817,81349.16788,148603.5396,46028.30961,43743.285,58119.41723,49091.44231,34607.31151,37636.9863
317.1002692,160.5131048,0,9541.094926,10775.66355,11537.08482,4411.130483,28686.3905,0,115203.4537,180760.2681,196651.4153,14429.42307
240.8825488,156809.0586,228237.8107,287952.555,213418.529,211987.3509,186696.0109,114262.875,309007.3605,175047.5113,214912.3357,70663.16388,27250.87245
410.1935569,5340.168036,4151.155116,23841.28758,55753.94791,4802.105288,10255.48121,356571.468,560.4957704,5915.093215,120217.3485,2095.629085,163438.1773
417.3482554,23890.35728,64125.53821,37662.55223,54909.26213,37823.90505,62575.70654,582321.6021,8355.040666,40257.85335,312961.2761,15406.20004,468687.5995
348.192906,94350.58259,16207.41077,168853.2799,160938.6672,113558.1952,134957.0134,51536.78307,3254.304311,5282.874805,11437.91171,77547.28991,97152.29279
340.988576,14515.38699,5124.039136,79538.43169,178552.0637,142328.1797,174882.9102,33747.63966,9116.437042,7064.119454,469591.1687,703001.3318,222351.7159
213.1257969,256024.6515,275394.8933,267836.6632,246409.1552,232973.2037,226192.6787,51385.17316,184113.8164,164030.8012,128288.4818,126106.3258,101850.6503
187.1330759,184872.9919,139560.023,143837.5811,125104.79,114146.6661,108252.5531,52203.10674,85802.15566,90044.77677,72157.45335,74981.45477,61843.03293
289.8146391,43576.41346,95312.17745,155967.3853,309031.8647,615875.2873,561948.6516,338750.6664,503454.6276,488802.404,388376.3806,441811.0856,395527.3919
285.0830581,1620609.167,1969162.849,1805620.412,1718168.097,1518205.361,1385981.906,913648.3594,1405526.55,1353421.184,932469.4305,964392.2712,812234.6204
239.0773967,3781764.515,4563035.17,4071780.513,3825808.24,3251500.598,2991772.064,1936925.318,3104723.145,2994924.403,2079937.068,2133302.49,1800495.248
235.5275412,88272.56759,205793.8343,368174.5564,726368.1383,700782.3119,733760.4048,490649.6583,1008321.17,1122767.326,861248.9794,921082.153,856485.2342
242.7081099,92020.41607,205548.5746,276005.1195,691498.4514,677711.5644,697200.8554,466030.9984,932143.2871,1056672.417,814234.7141,863686.1535,818267.1772
280.465119,40410.85045,93901.13702,140237.2362,320301.0645,391005.2165,371351.9564,243572.4535,466649.9504,502310.5338,376854.0217,400353.303,391445.199
240.0770785,331688.153,388171.0161,349876.1353,326753.6539,291917.1853,230971.747,142505.2586,263509.4562,237851.828,157663.0533,163312.1628,124674.7966
232.0561278,75789.34515,163614.0218,205129.6699,405426.811,356481.0144,331973.4237,206465.835,357089.8629,341363.0725,226383.8835,221118.4388,186871.6613
307.3230522,13455.53215,26756.39071,59750.00992,30480.99992,882980.2216,882319.7978,595021.6111,333019.7634,208210.8403,204753.8825,2904.495728,229323.6083
299.6158931,30677.46877,52436.505,95992.7936,42326.08677,594615.2582,588807.3335,361362.3395,182959.1512,83256.04818,71838.5523,58613.5466,47217.54188
293.1691057,41859.34082,59567.92263,61042.10022,140451.2149,287280.0693,493281.6852,299456.3036,121416.7716,97335.39837,156831.7754,14189.86225,166076.3496
193.0702825,49159.3178,53210.3065,52089.42765,48842.10282,45408.71114,45066.03415,16652.8806,35994.40813,30151.68549,23702.87651,17802.02466,22513.17978
395.2048371,19934.13211,37424.16233,57609.62425,39098.49317,31874.77984,45218.34864,124524.7856,137004.5355,84958.09534,229125.6018,481681.4307,222075.7075
367.2126666,70750.39553,64574.69491,193207.9757,112642.4322,121731.6073,277181.8695,637855.9403,70958.29933,162963.7948,266025.5029,74824.63997,419287.3625
423.2756153,747584.7308,1028953.262,705993.8195,1050870.822,387776.2033,500349.3223,157392.4165,121622.6678,111063.5727,87095.41109,51467.16889,73816.59687
485.2211581,4037360.538,1522448.846,20111876.5,13751687.42,5053562.375,22184383.48,3999690.986,258518.2522,371693.7753,1386402.758,1130972.539,1607984.659
209.1546438,76834.49393,92804.94005,80835.96864,71807.45894,62798.45837,52078.1257,124548.5304,43705.17323,46975.83318,38405.67489,45786.11871,39252.26927